company_id,company,product_id,product,canonical_deployment_models,deployment_class,hosting_topology,warehouse_site_installation,customer_datacenter_installation,vendor_cloud_required,cloud_independent_customer_hosted_core,deployment_confidence,canonical_record,notes
blue-yonder,Blue Yonder,warehouse-management,Warehouse Management,saas | cloud,cloud-service,vendor-managed cloud on Microsoft Azure,no-public-evidence,no-public-evidence,yes,no,high,companies/blue-yonder/company.yml,Current canonical product is cloud-native. Site-side integration or automation components are outside this core deployment classification.
consafe-logistics,Consafe Logistics,astro-go-wms,Astro Go WMS,saas | cloud,cloud-service,vendor-managed SaaS/cloud,no-public-evidence,no-public-evidence,yes,no,medium,companies/consafe-logistics/company.yml,Astro Go is explicitly positioned as cloud-native. Exact regional hosting topology is not captured.
consafe-logistics,Consafe Logistics,astro-wms,Astro WMS,saas | cloud,cloud-service,vendor-managed SaaS/cloud,no-public-evidence,no-public-evidence,yes,no,medium,companies/consafe-logistics/company.yml,Repository canonical record currently exposes SaaS/cloud only. Product-specific private/on-prem options need verification.
consafe-logistics,Consafe Logistics,astro-wcs,Astro WCS,saas | cloud,cloud-service-with-site-runtime-unknown,cloud service is canonical; exact WCS runtime location is unverified,unknown,unknown,unknown,unknown,low,companies/consafe-logistics/company.yml,Do not assume a WCS control runtime is cloud-only. Research whether latency-critical control services run at the warehouse site.
dematic,Dematic,wms,Dematic WMS,on-premise | cloud,hybrid-choice,customer-controlled on-premise or cloud; exact product topology unverified,possible,possible,optional,possible,medium,companies/dematic/company.yml,On-premise does not identify whether servers sit inside the warehouse or in a remote customer datacenter. Exact topology remains a research gap.
dematic,Dematic,wes,Dematic WES,on-premise | cloud,hybrid-choice,customer-controlled on-premise or cloud; exact product topology unverified,possible,possible,optional,possible,medium,companies/dematic/company.yml,On-premise does not identify whether servers sit inside the warehouse or in a remote customer datacenter. Exact topology remains a research gap.
deposco,Deposco,bright-warehouse,Bright Warehouse,saas | cloud,cloud-service,vendor-managed cloud on Amazon Web Services,no-public-evidence,no-public-evidence,yes,no,high,companies/deposco/company.yml,Public product material describes a cloud-native AWS service-based platform.
epg,EPG (Ehrhardt Partner Group),lfs,EPG WMS (LFS),cloud | on-premise,hybrid-choice,vendor/cloud hosting or customer-controlled Windows/Linux/IBM i infrastructure,possible,possible,optional,yes,high,companies/epg/company.yml,LFS publicly supports cloud hosting and on-premise-capable server platforms. Exact physical placement is customer architecture dependent.
epg,EPG (Ehrhardt Partner Group),timesquare,TIMESQUARE,cloud | on-premise,company-level-default-unverified-product,company deployment options exist; TIMESQUARE-specific topology unverified,unknown,unknown,unknown,unknown,low,companies/epg/company.yml,Deployment models are inherited from the current company record only. Verify TIMESQUARE separately.
erpnext,ERPNext,stock-and-warehouse,ERPNext Stock and Warehouse,self-hosted | cloud-hosted-possible,self-hosted-capable,customer-controlled server/VM/Docker/Kubernetes; hosted deployment can be external,yes,yes,no,yes,high,companies/erpnext/company.yml,Official source and Helm deployment make vendor cloud unnecessary for the core. This does not mean terminals can operate without LAN connectivity.
hardis-supply-chain,Hardis Supply Chain,hardis-wms,Hardis WMS,saas | cloud,cloud-service,vendor-managed SaaS/cloud,no-public-evidence,no-public-evidence,yes,no,medium,companies/hardis-supply-chain/company.yml,Current canonical company record exposes SaaS/cloud. Product-specific private/on-prem options are not captured.
hardis-supply-chain,Hardis Supply Chain,hardis-oms,Hardis OMS,saas | cloud,cloud-service,vendor-managed SaaS/cloud,no-public-evidence,no-public-evidence,yes,no,medium,companies/hardis-supply-chain/company.yml,Current canonical company record exposes SaaS/cloud. Product-specific private/on-prem options are not captured.
hardis-supply-chain,Hardis Supply Chain,hardis-sc-network,Hardis SC Network,saas | cloud,cloud-service,vendor-managed SaaS/cloud,no-public-evidence,no-public-evidence,yes,no,medium,companies/hardis-supply-chain/company.yml,Current canonical company record exposes SaaS/cloud. Product-specific private/on-prem options are not captured.
hardis-supply-chain,Hardis Supply Chain,hardis-wcs-master,Hardis WCS Master,saas | cloud,cloud-service-with-site-runtime-unknown,cloud service is canonical; exact WCS Master runtime location unverified,unknown,unknown,unknown,unknown,low,companies/hardis-supply-chain/company.yml,Research whether machine/PLC-facing runtime is deployed locally at the warehouse while management services remain cloud-hosted.
infios,Infios,wm,Infios Warehouse Management,saas | on-premise,hybrid-choice,vendor SaaS or customer-controlled on-premise,possible,possible,optional,yes,medium,companies/infios/company.yml,On-premise physical placement is not specified in the current evidence. Could be warehouse site or customer datacenter.
infios,Infios,om,Infios Order Management,saas | on-premise,hybrid-choice,vendor SaaS or customer-controlled on-premise,possible,possible,optional,yes,medium,companies/infios/company.yml,On-premise physical placement is not specified in the current evidence. Could be warehouse site or customer datacenter.
infios,Infios,tm,Infios Transportation Management,saas | on-premise,hybrid-choice,vendor SaaS or customer-controlled on-premise,possible,possible,optional,yes,medium,companies/infios/company.yml,On-premise physical placement is not specified in the current evidence. Could be warehouse site or customer datacenter.
infor,Infor,wms,Infor WMS,saas | cloud,cloud-service,Infor Industry Cloud / vendor-managed cloud,no-current-public-evidence,no-current-public-evidence,yes,no-current-canonical,high,companies/infor/company.yml,Current canonical record tracks the cloud product. Older/version-specific SQL Server and Oracle evidence should not be mistaken for the current SaaS topology.
knapp,KNAPP,kisoft-wms,KiSoft WMS,saas | cloud | on-premise,hybrid-choice,vendor cloud/SaaS or customer-controlled on-premise,possible,possible,optional,yes,medium,companies/knapp/company.yml,Exact split between warehouse-site services and remote customer datacenter services is not yet verified.
knapp,KNAPP,kisoft,KiSoft Platform,saas | cloud | on-premise,hybrid-choice,vendor cloud/SaaS or customer-controlled on-premise,possible,possible,optional,yes,medium,companies/knapp/company.yml,Exact split between warehouse-site services and remote customer datacenter services is not yet verified.
logiwa,Logiwa,logiwa-io,Logiwa IO,saas | cloud,cloud-service,vendor-managed cloud-native SaaS,no-public-evidence,no-public-evidence,yes,no,high,companies/logiwa/company.yml,Current product is positioned as a cloud-native headless platform.
manhattan-associates,Manhattan Associates,activewarehouse,ActiveWarehouse,saas | cloud,cloud-service,vendor-managed cloud on Google Cloud,no-public-evidence,no-public-evidence,yes,no,high,companies/manhattan-associates/company.yml,"ActiveWarehouse is cloud-native. Warehouse devices and integrations are clients/edges, not evidence of an on-premise core."
mantis,Mantis,lvs,Logistics Vision Suite (LVS),unknown,unknown,unknown,unknown,unknown,unknown,unknown,unknown,companies/mantis/company.yml,Current company record intentionally has a research gap for canonical deployment models.
mecalux,Mecalux,easy-wms,Easy WMS,saas | cloud | on-premise,hybrid-choice,vendor SaaS/cloud or customer-controlled on-premise,possible,possible,optional,yes,medium,companies/mecalux/company.yml,Exact site-vs-datacenter placement can vary by module and integration. WCS/WES local runtime should be researched separately rather than inferred.
mecalux,Mecalux,easy-wes,Easy WES,saas | cloud | on-premise,hybrid-choice,vendor SaaS/cloud or customer-controlled on-premise,possible,possible,optional,yes,medium,companies/mecalux/company.yml,Exact site-vs-datacenter placement can vary by module and integration. WCS/WES local runtime should be researched separately rather than inferred.
mecalux,Mecalux,easy-wcs,Easy WCS,saas | cloud | on-premise,hybrid-choice,vendor SaaS/cloud or customer-controlled on-premise,possible,possible,optional,yes,medium,companies/mecalux/company.yml,Exact site-vs-datacenter placement can vary by module and integration. WCS/WES local runtime should be researched separately rather than inferred.
mecalux,Mecalux,easy-dom,Easy DOM,saas | cloud | on-premise,hybrid-choice,vendor SaaS/cloud or customer-controlled on-premise,possible,possible,optional,yes,medium,companies/mecalux/company.yml,Exact site-vs-datacenter placement can vary by module and integration. WCS/WES local runtime should be researched separately rather than inferred.
microsoft,Microsoft,dynamics-365-scm-warehouse-management,Dynamics 365 Supply Chain Management - Warehouse Management,saas | cloud,cloud-service,vendor-managed Microsoft Azure SaaS,no-core-on-premise,no-core-on-premise,yes,no,high,companies/microsoft/company.yml,"Warehouse mobile devices can work as clients, but the current core Finance and Operations service is cloud-hosted."
odoo,Odoo,inventory,Odoo Inventory,saas | cloud | on-premise,hybrid-choice / self-hosted-capable,Odoo Online/Odoo.sh or customer-controlled server/VM,yes,yes,optional,yes,high,companies/odoo/company.yml,"A self-hosted Odoo core can run without vendor cloud. External integrations, updates and remote access may still require internet connectivity."
openboxes,OpenBoxes,openboxes,OpenBoxes,cloud | on-premise,self-hosted-capable,customer-controlled server on-premise or any hosting provider,possible,possible,no,yes,high,companies/openboxes/company.yml,Official architecture explicitly describes MySQL/Tomcat on any hosting provider including an on-premise server. Physical placement inside warehouse vs remote customer DC is customer choice.
oracle,Oracle,warehouse-management-cloud,Oracle Warehouse Management Cloud,saas | cloud,cloud-service,vendor-managed Oracle Cloud SaaS,no-public-evidence,no-public-evidence,yes,no,high,companies/oracle/company.yml,"The product tracked here is Oracle Warehouse Management Cloud, not a generic Oracle database/on-prem product."
psi-software,PSI Software,psiwms,PSIwms,saas | public-cloud | private-cloud | on-premise,hybrid-choice,vendor SaaS/public cloud/private cloud or customer-controlled on-premise,possible,possible,optional,yes,high,companies/psi-software/company.yml,PSIwms explicitly supports multiple deployment models. Exact physical location of an on-prem installation remains customer-specific.
sap,SAP,ewm,SAP Extended Warehouse Management,on-premise,customer-hosted,customer-controlled SAP infrastructure,possible,possible,no,yes,medium,companies/sap/company.yml,The repository currently classifies this tracked SAP EWM record as on-premise. Exact embedded/decentralized topology and newer cloud offerings should be modeled separately instead of silently changing this row.
ssi-schaefer,SSI SCHAEFER,wamas-wms,WAMAS WMS,on-premise,customer-hosted,customer-controlled on-premise; exact server placement unverified,possible,possible,no,yes,medium,companies/ssi-schaefer/company.yml,Do not infer that every WAMAS component runs on a single warehouse server. Research site-local vs central customer datacenter placement per module.
ssi-schaefer,SSI SCHAEFER,wamas-wes,WAMAS WES,on-premise,customer-hosted,customer-controlled on-premise; exact server placement unverified,possible,possible,no,yes,medium,companies/ssi-schaefer/company.yml,Do not infer that every WAMAS component runs on a single warehouse server. Research site-local vs central customer datacenter placement per module.
ssi-schaefer,SSI SCHAEFER,wamas-wcs,WAMAS WCS,on-premise,customer-hosted,customer-controlled on-premise; exact server placement unverified,possible,possible,no,yes,medium,companies/ssi-schaefer/company.yml,Do not infer that every WAMAS component runs on a single warehouse server. Research site-local vs central customer datacenter placement per module.
ssi-schaefer,SSI SCHAEFER,wamas-mfs,WAMAS MFS,on-premise,customer-hosted,customer-controlled on-premise; exact server placement unverified,possible,possible,no,yes,medium,companies/ssi-schaefer/company.yml,Do not infer that every WAMAS component runs on a single warehouse server. Research site-local vs central customer datacenter placement per module.
ssi-schaefer,SSI SCHAEFER,wamas-control-center,WAMAS Control Center,on-premise,customer-hosted,customer-controlled on-premise; exact server placement unverified,possible,possible,no,yes,medium,companies/ssi-schaefer/company.yml,Do not infer that every WAMAS component runs on a single warehouse server. Research site-local vs central customer datacenter placement per module.
ssi-schaefer,SSI SCHAEFER,wamas-maintenance-center,WAMAS Maintenance Center,on-premise,customer-hosted,customer-controlled on-premise; exact server placement unverified,possible,possible,no,yes,medium,companies/ssi-schaefer/company.yml,Do not infer that every WAMAS component runs on a single warehouse server. Research site-local vs central customer datacenter placement per module.
swisslog,Swisslog,synq,SynQ,cloud | on-premise,hybrid-choice,cloud-enabled or customer-controlled on-premise,possible,possible,optional,yes,medium,companies/swisslog/company.yml,"SynQ spans WMS/WES/WCS/MFS responsibilities, so the exact cloud-vs-site runtime split should be researched per module."
tecsys,Tecsys,elite-wms,Tecsys WMS / Elite platform,saas | cloud,cloud-service,vendor-managed Elite SaaS platform,no-public-evidence,no-public-evidence,yes,no,high,companies/tecsys/company.yml,Current canonical product is SaaS/cloud. Local device clients do not imply an on-premise core.
vanderlande,Vanderlande,vision,VISION,unknown,unknown,unknown,unknown,unknown,unknown,unknown,unknown,companies/vanderlande/company.yml,Current repository already has a research gap for VISION's canonical deployment model and exact WES/WCS boundary.
