company_id,company,product_id,product,primary_stack,secondary_stack,languages,frameworks_platforms,databases,data_search_cache,cloud,containers_orchestration,api_integration,architecture,verification_state,overall_confidence,source_refs,source_count,research_gaps
blue-yonder,Blue Yonder,warehouse-management,Warehouse Management,Cloud-native microservices | Microsoft Azure,Snowflake,unknown,unknown,unknown,Snowflake,Microsoft Azure,unknown,unknown,Cloud-native microservices,verified,high,blue-yonder-wms-2026 | blue-yonder-microsoft-azure | blue-yonder-platform-data-cloud,3,"Transactional WMS database engine is not publicly verified. | Implementation languages, frameworks, messaging and cache technologies are not publicly verified."
consafe-logistics,Consafe Logistics,astro-go-wms,Astro Go WMS,Modern technology platform | Cloud-native / SaaS positioning,unknown,unknown,Modern technology platform,unknown,unknown,Cloud-native / SaaS positioning,unknown,unknown,unknown,partial,low,consafe-platform,1,Database engine is not publicly verified. | Implementation language and frameworks are not publicly verified.
consafe-logistics,Consafe Logistics,astro-wcs,Astro WCS,unknown,unknown,unknown,unknown,unknown,unknown,unknown,unknown,unknown,unknown,research-gap,unknown,,0,"No sufficiently specific primary-source technology evidence captured yet for this product. | Research database engine, implementation languages/frameworks, runtime, messaging/cache/search, cloud and deployment stack."
consafe-logistics,Consafe Logistics,astro-wms,Astro WMS,Modern technology platform | SaaS / cloud,unknown,unknown,Modern technology platform,unknown,unknown,SaaS / cloud,unknown,unknown,unknown,partial,low,consafe-platform,1,"Database engine is not publicly verified. | Implementation language, frameworks, API runtime and orchestration stack are not publicly verified."
dematic,Dematic,wes,Dematic WES,unknown,unknown,unknown,unknown,unknown,unknown,unknown,unknown,unknown,unknown,research-gap,unknown,,0,"No sufficiently specific primary-source technology evidence captured yet for this product. | Research database engine, implementation languages/frameworks, runtime, messaging/cache/search, cloud and deployment stack."
dematic,Dematic,wms,Dematic WMS,unknown,unknown,unknown,unknown,unknown,unknown,unknown,unknown,unknown,unknown,research-gap,unknown,,0,"No sufficiently specific primary-source technology evidence captured yet for this product. | Research database engine, implementation languages/frameworks, runtime, messaging/cache/search, cloud and deployment stack."
deposco,Deposco,bright-warehouse,Bright Warehouse,Amazon Web Services | Cloud-native service-based architecture | Single logical database,Load-balanced services,unknown,unknown,Single logical database (verified-product; high),unknown,Amazon Web Services,unknown,unknown,Cloud-native service-based architecture | Load-balanced services,partial,high,deposco-wms-capabilities,1,Database engine is not publicly identified. | Implementation languages and frameworks are not publicly verified.
epg,EPG (Ehrhardt Partner Group),lfs,EPG WMS (LFS),Oracle Database | Microsoft SQL Server | IBM Db2,Windows | Linux | IBM iSeries | Android / iOS,unknown,Android / iOS,Oracle Database (verified-product; high) | Microsoft SQL Server (verified-product; high) | IBM Db2 (verified-product; high),unknown,unknown,unknown,unknown,unknown,verified,high,epg-lfs-platforms-databases,1,Implementation language and application framework are not publicly verified. | Determine whether database support differs by product edition and current cloud deployment.
epg,EPG (Ehrhardt Partner Group),timesquare,TIMESQUARE,unknown,unknown,unknown,unknown,unknown,unknown,unknown,unknown,unknown,unknown,research-gap,unknown,,0,"No sufficiently specific primary-source technology evidence captured yet for this product. | Research database engine, implementation languages/frameworks, runtime, messaging/cache/search, cloud and deployment stack."
erpnext,ERPNext,stock-and-warehouse,ERPNext Stock and Warehouse,Frappe Framework | Python | JavaScript | MariaDB,Redis | Docker | Kubernetes + Helm | REST API,Python | JavaScript,Frappe Framework,MariaDB (verified-platform; high),Redis,unknown,Docker | Kubernetes + Helm,REST API,unknown,verified,high,frappe-framework | erpnext-helm,2,"Frappe can have broader database capabilities, but ERPNext core should not be marked PostgreSQL-supported without ERPNext-specific evidence."
hardis-supply-chain,Hardis Supply Chain,hardis-oms,Hardis OMS,unknown,unknown,unknown,unknown,unknown,unknown,unknown,unknown,unknown,unknown,research-gap,unknown,,0,"No sufficiently specific primary-source technology evidence captured yet for this product. | Research database engine, implementation languages/frameworks, runtime, messaging/cache/search, cloud and deployment stack."
hardis-supply-chain,Hardis Supply Chain,hardis-sc-network,Hardis SC Network,unknown,unknown,unknown,unknown,unknown,unknown,unknown,unknown,unknown,unknown,research-gap,unknown,,0,"No sufficiently specific primary-source technology evidence captured yet for this product. | Research database engine, implementation languages/frameworks, runtime, messaging/cache/search, cloud and deployment stack."
hardis-supply-chain,Hardis Supply Chain,hardis-wcs-master,Hardis WCS Master,unknown,unknown,unknown,unknown,unknown,unknown,unknown,unknown,unknown,unknown,research-gap,unknown,,0,"No sufficiently specific primary-source technology evidence captured yet for this product. | Research database engine, implementation languages/frameworks, runtime, messaging/cache/search, cloud and deployment stack."
hardis-supply-chain,Hardis Supply Chain,hardis-wms,Hardis WMS,unknown,unknown,unknown,unknown,unknown,unknown,unknown,unknown,unknown,unknown,research-gap,unknown,,0,"No sufficiently specific primary-source technology evidence captured yet for this product. | Research database engine, implementation languages/frameworks, runtime, messaging/cache/search, cloud and deployment stack."
infios,Infios,om,Infios Order Management,unknown,unknown,unknown,unknown,unknown,unknown,unknown,unknown,unknown,unknown,research-gap,unknown,,0,"No sufficiently specific primary-source technology evidence captured yet for this product. | Research database engine, implementation languages/frameworks, runtime, messaging/cache/search, cloud and deployment stack."
infios,Infios,tm,Infios Transportation Management,unknown,unknown,unknown,unknown,unknown,unknown,unknown,unknown,unknown,unknown,research-gap,unknown,,0,"No sufficiently specific primary-source technology evidence captured yet for this product. | Research database engine, implementation languages/frameworks, runtime, messaging/cache/search, cloud and deployment stack."
infios,Infios,wm,Infios Warehouse Management,unknown,unknown,unknown,unknown,unknown,unknown,unknown,unknown,unknown,unknown,research-gap,unknown,,0,"No sufficiently specific primary-source technology evidence captured yet for this product. | Research database engine, implementation languages/frameworks, runtime, messaging/cache/search, cloud and deployment stack."
infor,Infor,wms,Infor WMS,Infor Industry Cloud Platform,Infor OS | ION | API Gateway | Microsoft SQL Server | Oracle Database,unknown,Infor Industry Cloud Platform | Infor OS,Microsoft SQL Server (observed-product-version; medium) | Oracle Database (observed-product-version; medium),unknown,unknown,unknown,ION | API Gateway,unknown,partial,medium,infor-wms-cloud-platform-2026 | infor-wms-library-2026 | infor-wms-reporting-db,3,Current multi-tenant cloud transactional database engine is not publicly verified. | Implementation language and UI framework are not publicly verified.
knapp,KNAPP,kisoft,KiSoft Platform,unknown,unknown,unknown,unknown,unknown,unknown,unknown,unknown,unknown,unknown,research-gap,unknown,,0,"No sufficiently specific primary-source technology evidence captured yet for this product. | Research database engine, implementation languages/frameworks, runtime, messaging/cache/search, cloud and deployment stack."
knapp,KNAPP,kisoft-wms,KiSoft WMS,unknown,unknown,unknown,unknown,unknown,unknown,unknown,unknown,unknown,unknown,research-gap,unknown,,0,"No sufficiently specific primary-source technology evidence captured yet for this product. | Research database engine, implementation languages/frameworks, runtime, messaging/cache/search, cloud and deployment stack."
logiwa,Logiwa,logiwa-io,Logiwa IO,Cloud-native headless architecture | API-first,REST / OpenAPI,unknown,unknown,unknown,unknown,unknown,unknown,REST / OpenAPI,Cloud-native headless architecture | API-first,partial,medium,logiwa-io | logiwa-api,2,"Database engine is not publicly verified. | Implementation languages, frontend framework, messaging and orchestration stack are not publicly verified."
manhattan-associates,Manhattan Associates,activewarehouse,ActiveWarehouse,Microservices | Google Cloud | Docker | Kubernetes | MySQL,Elastic | REST/JSON,unknown,unknown,MySQL (verified-platform; medium),Elastic,Google Cloud,Docker | Kubernetes,REST/JSON,Microservices,verified,high,manhattan-active-tech-overview | manhattan-cloud-native,2,Implementation languages and application frameworks are not publicly verified. | Determine whether ActiveWarehouse uses additional database engines per microservice.
mantis,Mantis,lvs,Logistics Vision Suite (LVS),unknown,unknown,unknown,unknown,unknown,unknown,unknown,unknown,unknown,unknown,research-gap,unknown,,0,"No sufficiently specific primary-source technology evidence captured yet for this product. | Research database engine, implementation languages/frameworks, runtime, messaging/cache/search, cloud and deployment stack."
mecalux,Mecalux,easy-dom,Easy DOM,unknown,unknown,unknown,unknown,unknown,unknown,unknown,unknown,unknown,unknown,research-gap,unknown,,0,"No sufficiently specific primary-source technology evidence captured yet for this product. | Research database engine, implementation languages/frameworks, runtime, messaging/cache/search, cloud and deployment stack."
mecalux,Mecalux,easy-wcs,Easy WCS,unknown,unknown,unknown,unknown,unknown,unknown,unknown,unknown,unknown,unknown,research-gap,unknown,,0,"No sufficiently specific primary-source technology evidence captured yet for this product. | Research database engine, implementation languages/frameworks, runtime, messaging/cache/search, cloud and deployment stack."
mecalux,Mecalux,easy-wes,Easy WES,unknown,unknown,unknown,unknown,unknown,unknown,unknown,unknown,unknown,unknown,research-gap,unknown,,0,"No sufficiently specific primary-source technology evidence captured yet for this product. | Research database engine, implementation languages/frameworks, runtime, messaging/cache/search, cloud and deployment stack."
mecalux,Mecalux,easy-wms,Easy WMS,Microservices | Microsoft SQL Server,unknown,unknown,unknown,Microsoft SQL Server (observed-deployment; medium),unknown,unknown,unknown,unknown,Microservices,partial,medium,mecalux-easy-wms | mecalux-sqlserver-case,2,Implementation languages and application frameworks are not publicly verified. | Verify database engines supported by current cloud and on-premise editions separately.
microsoft,Microsoft,dynamics-365-scm-warehouse-management,Dynamics 365 Supply Chain Management - Warehouse Management,X++ | .NET CIL | Microsoft Azure | Azure SQL Database,Azure Storage,X++,.NET CIL,Azure SQL Database (verified-platform; high),Azure Storage,Microsoft Azure,unknown,unknown,unknown,verified,high,microsoft-xpp-2026 | microsoft-finops-architecture-2026,2,Map Warehouse Management mobile app client framework and offline data layer. | Map product-specific messaging/event technologies separately from general Finance and Operations platform architecture.
odoo,Odoo,inventory,Odoo Inventory,Python | PostgreSQL | JavaScript | OWL,HTML5/CSS | Built-in HTTP/WSGI server,Python | JavaScript,OWL | HTML5/CSS | Built-in HTTP/WSGI server,PostgreSQL (verified-platform; high),unknown,unknown,unknown,unknown,unknown,verified,high,odoo-architecture-19 | odoo-source-install-19,2,Map Odoo.sh production orchestration and managed infrastructure separately from self-hosted Odoo.
openboxes,OpenBoxes,openboxes,OpenBoxes,Groovy | Grails | Spring | Hibernate | MySQL 8,MariaDB 10.x | JavaScript | Tomcat | REST API,Groovy | JavaScript,Grails | Spring | Hibernate | Tomcat,MySQL 8 (verified-product; high) | MariaDB 10.x (verified-product; high),unknown,unknown,unknown,REST API,unknown,verified,high,openboxes-repository | openboxes-architecture | openboxes-database,3,Map current frontend framework(s) and build toolchain at the current release. | Map production cache/queue/search technologies if any.
oracle,Oracle,warehouse-management-cloud,Oracle Warehouse Management Cloud,Oracle Cloud SaaS,REST,unknown,unknown,unknown,unknown,Oracle Cloud SaaS,unknown,REST,unknown,partial,medium,oracle-wms-rest-26c,1,"Operational database engine is not publicly verified. Do not infer Oracle Database only from the vendor name. | Implementation languages, frameworks, containers, messaging and cache technologies are not publicly verified."
psi-software,PSI Software,psiwms,PSIwms,Java | Web client,SaaS / private cloud / public cloud / on-premise,Java,Web client,unknown,unknown,SaaS / private cloud / public cloud / on-premise,unknown,unknown,unknown,partial,medium,psi-products | psiwms-product,2,"Database engine is not publicly verified. | Specific Java frameworks, messaging and container/orchestration technologies are not publicly verified."
sap,SAP,ewm,SAP Extended Warehouse Management,ABAP Platform | ABAP | SAP HANA | SAPUI5 / SAP Fiori,OData | qRFC,ABAP,ABAP Platform | SAPUI5 / SAP Fiori,SAP HANA (verified-platform; high),unknown,unknown,unknown,OData | qRFC,unknown,verified,high,sap-abap-platform-2026 | sap-ewm-2026 | sap-fiori-architecture-2026,3,Map exact technology differences between embedded EWM and decentralized EWM releases. | Map current mobile/RF client technology separately.
ssi-schaefer,SSI SCHAEFER,wamas-control-center,WAMAS Control Center,unknown,Oracle Database,unknown,unknown,Oracle Database (verified-suite-dependency; medium),unknown,unknown,unknown,unknown,unknown,partial,low,ssi-wamas-eula,1,"Verify the primary database engine(s) for this specific WAMAS product/version. | Verify implementation language, frameworks and deployment architecture."
ssi-schaefer,SSI SCHAEFER,wamas-maintenance-center,WAMAS Maintenance Center,unknown,Oracle Database,unknown,unknown,Oracle Database (verified-suite-dependency; medium),unknown,unknown,unknown,unknown,unknown,partial,low,ssi-wamas-eula,1,"Verify the primary database engine(s) for this specific WAMAS product/version. | Verify implementation language, frameworks and deployment architecture."
ssi-schaefer,SSI SCHAEFER,wamas-mfs,WAMAS MFS,unknown,Oracle Database,unknown,unknown,Oracle Database (verified-suite-dependency; medium),unknown,unknown,unknown,unknown,unknown,partial,low,ssi-wamas-eula,1,"Verify the primary database engine(s) for this specific WAMAS product/version. | Verify implementation language, frameworks and deployment architecture."
ssi-schaefer,SSI SCHAEFER,wamas-wcs,WAMAS WCS,unknown,Oracle Database,unknown,unknown,Oracle Database (verified-suite-dependency; medium),unknown,unknown,unknown,unknown,unknown,partial,low,ssi-wamas-eula,1,"Verify the primary database engine(s) for this specific WAMAS product/version. | Verify implementation language, frameworks and deployment architecture."
ssi-schaefer,SSI SCHAEFER,wamas-wes,WAMAS WES,unknown,Oracle Database,unknown,unknown,Oracle Database (verified-suite-dependency; medium),unknown,unknown,unknown,unknown,unknown,partial,low,ssi-wamas-eula,1,"Verify the primary database engine(s) for this specific WAMAS product/version. | Verify implementation language, frameworks and deployment architecture."
ssi-schaefer,SSI SCHAEFER,wamas-wms,WAMAS WMS,unknown,Oracle Database,unknown,unknown,Oracle Database (verified-suite-dependency; medium),unknown,unknown,unknown,unknown,unknown,partial,low,ssi-wamas-eula,1,"Verify the primary database engine(s) for this specific WAMAS product/version. | Verify implementation language, frameworks and deployment architecture."
swisslog,Swisslog,synq,SynQ,Modular cloud-enabled platform,Warehouse management + material flow + automation control + BI,unknown,Warehouse management + material flow + automation control + BI,unknown,unknown,unknown,unknown,unknown,Modular cloud-enabled platform,partial,medium,swisslog-synq-architecture,1,"Database engine is not publicly verified. | Implementation languages, frameworks and deployment orchestration technologies are not publicly verified."
tecsys,Tecsys,elite-wms,Tecsys WMS / Elite platform,Elite SaaS Platform | Itopia,TecsysIQ,unknown,Elite SaaS Platform | Itopia | TecsysIQ,unknown,unknown,unknown,unknown,unknown,unknown,partial,medium,tecsys-wms-2026,1,"Database engine is not publicly verified. | Implementation languages, frontend framework and container/orchestration technologies are not publicly verified."
vanderlande,Vanderlande,vision,VISION,unknown,unknown,unknown,unknown,unknown,unknown,unknown,unknown,unknown,unknown,research-gap,unknown,,0,"No sufficiently specific primary-source technology evidence captured yet for this product. | Research database engine, implementation languages/frameworks, runtime, messaging/cache/search, cloud and deployment stack."
