id,publisher,source_type,title,url,captured_at,supports
blue-yonder-microsoft-azure,Blue Yonder,official-partner-page,Microsoft Azure,https://blueyonder.com/partners/microsoft,2026-08-19,Blue Yonder applications run on Microsoft Azure infrastructure.
blue-yonder-platform-data-cloud,Blue Yonder,official-platform-faq,What is the Blue Yonder Platform?,https://info.blueyonder.com/blue-yonder-platform/what-is-the-blue-yonder-platform,2026-08-19,Blue Yonder Platform Data Cloud is built on Snowflake and acts as a shared data lakehouse.
blue-yonder-wms-2026,Blue Yonder,official-product-article,Blue Yonder named a leader in the 2026 Gartner Magic Quadrant for Warehouse Management Systems,https://blueyonder.com/blog/2026/blue-yonder-named-a-leader-in-the-gartner-magic-quadrant-for-warehouse-management-systems,2026-08-19,"Blue Yonder Warehouse Management is delivered on a cloud-native architecture built on Microsoft Azure. | The WMS uses Blue Yonder Platform capabilities for data, analytics, AI and orchestration."
consafe-platform,Consafe Logistics,official-product-page,Consafe Logistics,https://www.consafelogistics.com/,2026-08-19,Consafe positions Astro WMS and Astro Go WMS as products built on modern technology platforms. | Public product material confirms SaaS/cloud positioning but does not expose implementation language or database engine.
deposco-wms-capabilities,Deposco,official-product-selection-guide,What WMS Capabilities Do You Need - Checklist,https://deposco.com/wms-software-selection-hub/capabilities-checklist/,2026-08-19,"Deposco describes its WMS platform as cloud-native on Amazon Web Services. | It describes a singular codebase and singular database with service-based, load-balanced features. | The public source does not identify the database engine."
epg-lfs-platforms-databases,EPG,official-product-page,Warehouse Management System LFS,https://www.epg.com/logistiksoftware/lagerverwaltungssystem-lfswms/lagerfuehrung-mit-lfs/,2026-08-19,"LFS supports Windows, Linux and IBM iSeries platforms. | EPG states that LFS works with Oracle, Microsoft SQL Server and IBM Db2 databases. | Mobile clients include Android and iOS and cloud hosting is available."
erpnext-helm,Frappe,official-deployment-repository,Frappe / ERPNext Helm Chart,https://github.com/frappe/helm/blob/main/erpnext/README.md,2026-08-19,ERPNext has an official Kubernetes Helm deployment. | The chart uses MariaDB and Redis components for ERPNext/Frappe workloads.
frappe-framework,Frappe,official-source-repository,Frappe Framework,https://github.com/frappe/frappe,2026-08-19,Frappe is a full-stack framework using Python and MariaDB server-side with a JavaScript client library. | Frappe automatically exposes REST APIs and supports Docker-based self-hosting.
infor-wms-cloud-platform-2026,Infor,official-product-page,Warehouse Management System,https://www.infor.com/solutions/scm/warehouse-management-system,2026-08-19,Current Infor WMS runs on the Infor Industry Cloud Platform.
infor-wms-library-2026,Infor,official-product-documentation,Infor WMS User and Administration Library (Cloud),https://docs.infor.com/wms/2026.x/en-us/useradminlib/default.html,2026-08-19,"Infor WMS cloud documentation exposes Infor OS, ION and API Gateway as technology-platform services."
infor-wms-reporting-db,Infor,official-product-documentation,Reports overview,https://docs.infor.com/wms/11.5.x/en-us/sceolh/ask1612894110549.html,2026-08-19,"Infor WMS 11.5 documentation describes report scheduling with SQL Server Agent or Oracle Scheduler. | This is historical/product-deployment evidence, not proof of the current SaaS transactional database."
logiwa-api,Logiwa,official-api-documentation,Logiwa API Swagger,https://myapi.logiwa.com/swagger/index.html,2026-08-19,Logiwa exposes a REST/OpenAPI HTTP API.
logiwa-io,Logiwa,official-product-page,Logiwa IO,https://www.logiwa.com/,2026-08-19,"Logiwa IO is positioned as cloud-native, headless and API-first."
manhattan-active-tech-overview,Manhattan Associates,official-developer-documentation,Technology Overview - Manhattan Active Cloud,https://developer.manh.com/docs/overview/technology-overview-manhattan-active-cloud/,2026-08-19,ActivePlatform is built around independently scalable microservices. | Containers and Kubernetes are core deployment technologies and microservices are delivered as Docker images.
manhattan-cloud-native,Manhattan Associates,official-architecture-article,What is Cloud Native?,https://www.manh.com/our-insights/resources/articles/what-is-cloud-native,2026-08-19,"Manhattan Active solutions are SaaS, powered by Google Cloud, and composed of microservices. | The platform identifies Docker, MySQL and Elastic among its containerized/cloud-native technologies. | Manhattan Active APIs use REST-style resource URLs and JSON."
mecalux-easy-wms,Mecalux,official-product-page,Easy WMS Warehouse Management System,https://www.mecalux.com/software/warehouse-management-system-wms,2026-08-19,Easy WMS supports cloud and on-premise deployment. | Mecalux describes the cloud version as using a microservices architecture.
mecalux-sqlserver-case,Mecalux,official-customer-case-study,New Gregoire-Besson distribution centre in France,https://www.mecalux.com/case-studies/gregoire-besson,2026-08-19,"A documented Easy WMS deployment runs through a Microsoft SQL Server database in a virtualized environment. | This is deployment evidence, not a universal database requirement."
microsoft-finops-architecture-2026,Microsoft,official-architecture-documentation,Finance and operations application architecture,https://learn.microsoft.com/en-us/dynamics365/fin-ops-core/dev-itpro/organization-administration/architecture-overview,2026-08-19,Dynamics 365 finance and operations applications use Microsoft Azure services including Azure SQL Database and Azure Storage.
microsoft-xpp-2026,Microsoft,official-language-documentation,X++ language reference,https://learn.microsoft.com/en-us/dynamics365/fin-ops-core/dev-itpro/dev-ref/xpp-language-reference,2026-08-19,X++ is used for ERP and database application programming and compiles to Microsoft .NET CIL.
odoo-architecture-19,Odoo,official-developer-documentation,Odoo 19 - Architecture Overview,https://www.odoo.com/documentation/19.0/developer/tutorials/server_framework_101/01_architecture.html,2026-08-19,"Odoo uses a three-tier architecture. | Business logic is written in Python, presentation uses HTML5/JavaScript/CSS, and PostgreSQL is the supported RDBMS. | Odoo uses its in-house OWL frontend framework."
odoo-source-install-19,Odoo,official-installation-documentation,Odoo 19 - Source install,https://www.odoo.com/documentation/19.0/administration/on_premise/source.html,2026-08-19,Odoo 19 requires Python 3.10+ and PostgreSQL 13+.
openboxes-architecture,OpenBoxes,official-developer-documentation,OpenBoxes - Basic Architecture,https://github.com/openboxes/openboxes/blob/develop/docs/developer-guide/architecture/index.md,2026-08-19,"OpenBoxes documents Grails, Spring, Hibernate and REST API as core technologies. | It documents MySQL and Tomcat among current deployment technologies."
openboxes-database,OpenBoxes,official-admin-documentation,OpenBoxes - Database,https://github.com/openboxes/openboxes/blob/develop/docs/admin-guide/configuration/database.md,2026-08-19,OpenBoxes supports MySQL 8 as its primary database and MariaDB 10.x as an alternative.
openboxes-repository,OpenBoxes,official-source-repository,OpenBoxes source repository,https://github.com/openboxes/openboxes,2026-08-19,OpenBoxes source is predominantly Groovy with JavaScript as a significant secondary language. | The project identifies Grails as a core technology.
oracle-wms-rest-26c,Oracle,official-api-documentation,Warehouse Management 26C - RESTful Web Services,https://docs.oracle.com/en/cloud/saas/warehouse-management/26c/owmre/restful-web-services.html,2026-08-19,Oracle Warehouse Management Cloud exposes RESTful web services.
psi-products,PSI Software,official-product-platform-page,PSI Products,https://www.psi.de/en/solutions/products,2026-08-19,PSI states that modern Java technology forms the common basis for its products.
psiwms-product,PSI Software,official-product-page,PSIwms,https://www.psi.de/en/solutions/products/psiwms,2026-08-19,"PSIwms provides a web client and supports SaaS, hosted/private/public cloud and on-premise deployment models."
sap-abap-platform-2026,SAP,official-platform-documentation,ABAP Platform,https://help.sap.com/docs/SAP_S4HANA_ON-PREMISE/8308e6d301d54584a33cd04a9861bc52/ca6fbd35746dbd2de10000009b38f889.html?version=2022.latest,2026-08-19,ABAP Platform is the basis of the SAP S/4HANA product line and is optimized for SAP HANA.
sap-ewm-2026,SAP,official-product-documentation,Extended Warehouse Management (EWM),https://help.sap.com/docs/SAP_S4HANA_ON-PREMISE/9832125c23154a179bfa1784cdc9577a/4ecb88b8b2422afee10000000a42189e.html,2026-08-19,Current SAP EWM is available embedded in SAP S/4HANA or as decentralized EWM based on SAP S/4HANA.
sap-fiori-architecture-2026,SAP,official-ui-architecture-documentation,SAP Fiori Architecture,https://help.sap.com/docs/SAP_S4HANA_ON-PREMISE/22bbe89ef68b4d0e98d05f0d56a7f6c8/f009e97dbcc94463aabfac350b09fcf5.html,2026-08-19,SAP Fiori web apps use SAPUI5 and retrieve business data from back-end systems through OData services.
ssi-wamas-eula,SSI SCHAEFER,official-license-documentation,WAMAS End User License Agreement,https://www.ssi-schaefer.com/en-us/wamas-eula,2026-08-19,"WAMAS licensing materials include Oracle Database special provisions. | This establishes an Oracle Database dependency/use relationship for WAMAS, but not that Oracle is the exclusive or universal primary database."
swisslog-synq-architecture,Swisslog,official-product-announcement,Introducing the Future of Intralogistics Software,https://www.swisslog.com/en-gb/about-swisslog/newsroom/news-press-releases-blog-posts/2017/02/introducing-the-future-of-intralogistics-software,2026-08-19,"SynQ is a modular, cloud-enabled software platform combining warehouse management, material flow, automation control and business intelligence."
tecsys-wms-2026,Tecsys,official-product-article,Tecsys Wins Warehouse Management System of the Year Award,https://www.tecsys.com/blog/tecsys-wins-warehouse-management-system-of-the-year-award-by-supplytech-breakthrough,2026-08-19,Tecsys WMS is built on the Elite secure SaaS platform. | Tecsys identifies Itopia as a low-code layer and TecsysIQ as an AI intelligence layer.
